{"train_loss": [1.433034438027276, 0.9356429309315152, 0.78904613521364, 0.7335689331425561, 0.677611048354043, 0.6459754354423947, 0.6145698097017076, 0.5853477839628856, 0.565701115793652, 0.5474086083306207, 0.5404614023367564, 0.5196262333128188, 0.5178545767068863, 0.5028506763776144, 0.50286830537849, 0.4963259361849891, 0.4828820445140203, 0.47589460379547543, 0.4725612435075972, 0.4700343173742294], "val_accuracy": [67.05555555555556, 74.05555555555556, 75.11111111111111, 74.33333333333333, 77.0, 77.38888888888889, 78.33333333333333, 78.05555555555556, 78.5, 78.38888888888889, 78.94444444444444, 78.72222222222223, 78.16666666666667, 79.61111111111111, 79.44444444444444, 79.55555555555556, 78.33333333333333, 79.88888888888889, 80.33333333333333, 80.22222222222223]}