{"train_loss": [0.8108560639619827, 0.22348346742490927, 0.13183611176494095, 0.11291467454180949, 0.07173804434482008, 0.04099033871510376, 0.046564257190718, 0.05356688584356258, 0.052818992104795244, 0.055708678628111054, 0.023457713056252234, 0.035914624931109654, 0.029128544711792426, 0.04524965258858477, 0.044035098594613374, 0.024884481709062434, 0.013736681902729388, 0.03664448381673234, 0.027828326970403498, 0.019286791346643843], "val_accuracy": [86.5, 92.27777777777777, 88.38888888888889, 93.05555555555556, 90.27777777777777, 95.83333333333333, 94.11111111111111, 95.61111111111111, 95.27777777777777, 95.5, 96.27777777777777, 93.22222222222223, 94.66666666666667, 94.27777777777777, 94.16666666666667, 96.5, 94.61111111111111, 95.55555555555556, 96.55555555555556, 95.88888888888889]}